id,willing_to_change_job
12428,0
12429,0
12430,1
12431,0
12432,0
12433,0
12434,0
12435,0
12436,0
12437,0
12438,1
12439,0
12440,1
12441,0
12442,0
12443,1
12444,1
12445,0
12446,1
12447,0
12448,0
12449,0
12450,1
12451,0
12452,0
12453,1
12454,0
12455,1
12456,0
12457,0
12458,0
12459,0
12460,1
12461,0
12462,0
12463,1
12464,0
12465,0
12466,0
12467,0
12468,1
12469,1
12470,1
12471,0
12472,1
12473,0
12474,1
12475,1
12476,1
12477,0
12478,1
12479,0
12480,0
12481,0
12482,0
12483,1
12484,0
12485,0
12486,0
12487,0
12488,1
12489,1
12490,0
12491,0
12492,0
12493,0
12494,0
12495,0
12496,0
12497,0
12498,0
12499,1
12500,0
12501,0
12502,1
12503,1
12504,1
12505,0
12506,0
12507,0
12508,0
12509,1
12510,0
12511,1
12512,0
12513,0
12514,1
12515,0
12516,0
12517,0
12518,1
12519,1
12520,1
12521,0
12522,1
12523,1
12524,0
12525,0
12526,0
12527,0
12528,0
12529,0
12530,1
12531,0
12532,0
12533,1
12534,0
12535,1
12536,0
12537,0
12538,1
12539,0
12540,1
12541,0
12542,0
12543,0
12544,0
12545,1
12546,0
12547,0
12548,0
12549,1
12550,0
12551,1
12552,1
12553,0
12554,0
12555,0
12556,1
12557,0
12558,0
12559,1
12560,1
12561,0
12562,1
12563,1
12564,1
12565,0
12566,0
12567,1
12568,0
12569,0
12570,1
12571,1
12572,1
12573,0
12574,0
12575,1
12576,0
12577,0
12578,0
12579,0
12580,0
12581,1
12582,0
12583,0
12584,1
12585,0
12586,0
12587,1
12588,1
12589,0
12590,0
12591,0
12592,0
12593,0
12594,1
12595,1
12596,1
12597,0
12598,1
12599,1
12600,1
12601,1
12602,1
12603,0
12604,0
12605,0
12606,0
12607,1
12608,0
12609,1
12610,1
12611,0
12612,0
12613,0
12614,0
12615,0
12616,1
12617,1
12618,1
12619,0
12620,0
12621,1
12622,0
12623,0
12624,0
12625,1
12626,0
12627,0
12628,0
12629,0
12630,0
12631,0
12632,1
12633,0
12634,1
12635,1
12636,0
12637,1
12638,0
12639,1
12640,0
12641,0
12642,0
12643,1
12644,0
12645,1
12646,0
12647,0
12648,1
12649,0
12650,1
12651,0
12652,0
12653,1
12654,0
12655,0
12656,1
12657,0
12658,0
12659,0
12660,0
12661,0
12662,0
12663,0
12664,0
12665,0
12666,0
12667,0
12668,1
12669,0
12670,1
12671,0
12672,1
12673,0
12674,0
12675,0
12676,0
12677,1
12678,0
12679,1
12680,0
12681,1
12682,0
12683,0
12684,1
12685,1
12686,0
12687,1
12688,1
12689,0
12690,1
12691,1
12692,0
12693,0
12694,1
12695,0
12696,0
12697,1
12698,1
12699,0
12700,0
12701,0
12702,1
12703,0
12704,1
12705,0
12706,1
12707,0
12708,1
12709,0
12710,1
12711,0
12712,1
12713,0
12714,1
12715,0
12716,0
12717,0
12718,0
12719,0
12720,0
12721,0
12722,0
12723,0
12724,0
12725,1
12726,0
12727,1
12728,1
12729,0
12730,0
12731,1
12732,0
12733,1
12734,0
12735,0
12736,0
12737,1
12738,1
12739,0
12740,0
12741,0
12742,1
12743,1
12744,1
12745,0
12746,1
12747,1
12748,0
12749,1
12750,1
12751,1
12752,0
12753,1
12754,1
12755,1
12756,0
12757,1
12758,1
12759,0
12760,0
12761,1
12762,0
12763,0
12764,1
12765,0
12766,0
12767,1
12768,1
12769,0
12770,1
12771,1
12772,1
12773,1
12774,0
12775,1
12776,0
12777,1
12778,1
12779,1
12780,0
12781,0
12782,1
12783,1
12784,0
12785,0
12786,1
12787,0
12788,1
12789,0
12790,0
12791,0
12792,0
12793,0
12794,0
12795,1
12796,0
12797,1
12798,1
12799,1
12800,1
12801,1
12802,0
12803,0
12804,0
12805,1
12806,0
12807,0
12808,0
12809,0
12810,0
12811,0
12812,1
12813,0
12814,0
12815,0
12816,0
12817,1
12818,1
12819,0
12820,0
12821,1
12822,0
12823,1
12824,1
12825,0
12826,0
12827,0
12828,0
12829,1
12830,1
12831,0
12832,1
12833,1
12834,0
12835,0
12836,1
12837,0
12838,1
12839,1
12840,0
12841,0
12842,0
12843,1
12844,0
12845,0
12846,0
12847,0
12848,0
12849,1
12850,0
12851,0
12852,1
12853,0
12854,1
12855,0
12856,0
12857,1
12858,0
12859,0
12860,1
12861,0
12862,0
12863,0
12864,1
12865,1
12866,0
12867,1
12868,0
12869,0
12870,1
12871,0
12872,1
12873,0
12874,0
12875,0
12876,1
12877,0
12878,0
12879,0
12880,0
12881,1
12882,1
12883,0
12884,1
12885,0
12886,1
12887,1
12888,0
12889,1
12890,0
12891,1
12892,0
12893,0
12894,1
12895,1
12896,1
12897,0
12898,0
12899,1
12900,0
12901,0
12902,1
12903,0
12904,0
12905,0
12906,0
12907,1
12908,0
12909,1
12910,0
12911,1
12912,1
12913,0
12914,1
12915,1
12916,1
12917,0
12918,1
12919,1
12920,0
12921,0
12922,1
12923,0
12924,0
12925,0
12926,1
12927,0
12928,0
12929,1
12930,1
12931,1
12932,0
12933,1
12934,0
12935,1
12936,0
12937,0
12938,1
12939,0
12940,0
12941,1
12942,0
12943,0
12944,0
12945,0
12946,1
12947,0
12948,0
12949,0
12950,0
12951,0
12952,0
12953,1
12954,1
12955,0
12956,0
12957,0
12958,0
12959,1
12960,1
12961,1
12962,0
12963,0
12964,0
12965,1
12966,1
12967,1
12968,0
12969,0
12970,1
12971,0
12972,1
12973,1
12974,0
12975,0
12976,1
12977,0
12978,1
12979,0
12980,0
12981,0
12982,0
12983,1
12984,1
12985,0
12986,0
12987,0
12988,1
12989,0
12990,1
12991,1
12992,0
12993,1
12994,0
12995,1
12996,0
12997,1
12998,1
12999,0
13000,0
13001,1
13002,1
13003,0
13004,1
13005,1
13006,1
13007,0
13008,0
13009,0
13010,0
13011,1
13012,1
13013,1
13014,0
13015,0
13016,1
13017,0
13018,1
13019,1
13020,0
13021,0
13022,1
13023,0
13024,0
13025,1
13026,0
13027,0
13028,1
13029,0
13030,0
13031,0
13032,0
13033,0
13034,0
13035,1
13036,0
13037,1
13038,1
13039,1
13040,1
13041,0
13042,0
13043,0
13044,1
13045,1
13046,1
13047,0
13048,1
13049,1
13050,0
13051,0
13052,1
13053,1
13054,0
13055,1
13056,1
13057,1
13058,1
13059,0
13060,0
13061,0
13062,0
13063,0
13064,1
13065,0
13066,1
13067,0
13068,0
13069,0
13070,0
13071,0
13072,1
13073,0
13074,0
13075,0
13076,0
13077,0
13078,1
13079,0
13080,1
13081,0
13082,1
13083,1
13084,0
13085,1
13086,0
13087,1
13088,0
13089,0
13090,0
13091,0
13092,0
13093,0
13094,0
13095,1
13096,0
13097,0
13098,1
13099,0
13100,0
13101,1
13102,0
13103,0
13104,1
13105,1
13106,1
13107,0
13108,1
13109,0
13110,1
13111,1
13112,1
13113,0
13114,0
13115,0
13116,0
13117,0
13118,0
13119,0
13120,1
13121,0
13122,0
13123,1
13124,1
13125,0
13126,0
13127,1
13128,0
13129,0
13130,1
13131,0
13132,1
13133,1
13134,0
13135,1
13136,1
13137,1
13138,1
13139,1
13140,0
13141,0
13142,1
13143,1
13144,0
13145,1
13146,1
13147,0
13148,0
13149,1
13150,0
13151,1
13152,1
13153,0
13154,1
13155,0
13156,0
13157,0
13158,0
13159,0
13160,1
13161,0
13162,0
13163,0
13164,0
13165,1
13166,0
13167,0
13168,0
13169,1
13170,1
13171,1
13172,0
13173,0
13174,0
13175,1
13176,0
13177,1
13178,1
13179,0
13180,0
13181,0
13182,0
13183,1
13184,0
13185,0
13186,0
13187,0
13188,1
13189,1
13190,1
13191,0
13192,1
13193,0
13194,0
13195,1
13196,1
13197,1
13198,0
13199,0
13200,1
13201,1
13202,1
13203,0
13204,1
13205,1
13206,1
13207,0
13208,0
13209,1
13210,1
13211,0
13212,0
13213,0
13214,1
13215,0
13216,1
13217,0
13218,0
13219,0
13220,0
13221,1
13222,1
13223,0
13224,1
13225,1
13226,0
13227,0
13228,1
13229,0
13230,1
13231,1
13232,0
13233,0
13234,0
13235,0
13236,1
13237,1
13238,0
13239,0
13240,0
13241,1
13242,0
13243,0
13244,1
13245,1
13246,1
13247,0
13248,1
13249,0
13250,1
13251,0
13252,1
13253,1
13254,0
13255,0
13256,0
13257,0
13258,0
13259,0
13260,0
13261,1
13262,1
13263,0
13264,0
13265,1
13266,1
13267,0
13268,1
13269,0
13270,0
13271,1
13272,0
13273,0
13274,0
13275,0
13276,0
13277,0
13278,0
13279,0
13280,0
13281,0
13282,0
13283,1
13284,0
13285,1
13286,0
13287,0
13288,1
13289,1
13290,1
13291,0
13292,0
13293,0
13294,1
13295,0
13296,0
13297,1
13298,0
13299,0
13300,1
13301,0
13302,0
13303,1
13304,0
13305,1
13306,1
13307,1
13308,1
13309,0
13310,1
13311,0
13312,1
13313,0
13314,0
13315,0
13316,0
13317,0
13318,0
13319,0
13320,0
13321,1
13322,0
13323,0
13324,0
13325,0
13326,1
13327,0
13328,1
13329,1
13330,1
13331,0
13332,1
13333,0
13334,0
13335,1
13336,0
13337,1
13338,0
13339,0
13340,1
13341,0
13342,0
13343,0
13344,1
13345,1
13346,1
13347,0
13348,1
13349,0
13350,0
13351,0
13352,1
13353,0
13354,1
13355,1
13356,0
13357,0
13358,0
13359,1
13360,1
13361,1
13362,1
13363,0
13364,0
13365,0
13366,1
13367,0
13368,0
13369,0
13370,0
13371,0
13372,1
13373,0
13374,0
13375,1
13376,0
13377,1
13378,0
13379,0
13380,1
13381,0
13382,1
13383,1
13384,0
13385,1
13386,1
13387,1
13388,1
13389,1
13390,1
13391,0
13392,0
13393,0
13394,0
13395,1
13396,0
13397,0
13398,0
13399,1
13400,0
13401,0
13402,0
13403,1
13404,1
13405,0
13406,0
13407,0
13408,0
13409,1
13410,0
13411,0
13412,0
13413,0
13414,0
13415,0
13416,1
13417,1
13418,0
13419,1
13420,1
13421,0
13422,0
13423,0
13424,1
13425,0
13426,0
13427,1
13428,0
13429,0
13430,0
13431,1
13432,1
13433,0
13434,1
13435,0
13436,0
13437,1
13438,0
13439,0
13440,0
13441,0
13442,0
13443,1
13444,1
13445,1
13446,0
13447,0
13448,1
13449,0
13450,1
13451,0
13452,0
13453,1
13454,0
13455,1
13456,0
13457,1
13458,1
13459,0
13460,0
13461,1
13462,0
13463,0
13464,1
13465,0
13466,0
13467,0
13468,0
13469,0
13470,0
13471,0
13472,0
13473,0
13474,1
13475,0
13476,1
13477,0
13478,0
13479,0
13480,0
13481,1
13482,0
13483,1
13484,0
13485,0
13486,0
13487,1
13488,1
13489,0
13490,0
13491,1
13492,0
13493,0
13494,0
13495,0
13496,1
13497,1
13498,0
13499,0
13500,1
13501,1
13502,0
13503,0
13504,0
13505,0
13506,0
13507,0
13508,1
13509,0
13510,1
13511,0
13512,0
13513,0
13514,0
13515,0
13516,0
13517,0
13518,0
13519,0
13520,1
13521,1
13522,1
13523,1
13524,0
13525,0
13526,1
13527,1
13528,0
13529,1
13530,1
13531,0
13532,0
13533,0
13534,1
13535,0
13536,0
13537,0
13538,1
13539,0
13540,0
13541,0
13542,0
13543,1
13544,1
13545,0
13546,1
13547,1
13548,0
13549,0
13550,0
13551,0
13552,0
13553,0
13554,0
13555,0
13556,0
13557,0
13558,0
13559,0
13560,0
13561,0
13562,1
13563,0
13564,0
13565,0
13566,0
13567,1
13568,0
13569,0
13570,0
13571,1
13572,1
13573,0
13574,1
13575,1
13576,0
13577,0
13578,1
13579,0
13580,1
13581,0
13582,1
13583,1
13584,0
13585,1
13586,0
13587,0
13588,0
13589,0
13590,0
13591,0
13592,0
13593,1
13594,1
13595,1
13596,1
13597,1
13598,0
13599,1
13600,1
13601,0
13602,1
13603,1
13604,0
13605,0
13606,1
13607,0
13608,0
13609,0
13610,1
13611,0
13612,1
13613,0
13614,0
13615,0
13616,1
13617,0
13618,0
13619,1
13620,0
13621,1
13622,1
13623,0
13624,0
13625,0
13626,0
13627,0
13628,0
13629,0
13630,0
13631,0
13632,0
13633,0
13634,0
13635,0
13636,0
13637,0
13638,1
13639,0
13640,0
13641,0
13642,0
13643,0
13644,1
13645,0
13646,1
13647,1
13648,0
13649,0
13650,1
13651,1
13652,0
13653,0
13654,0
13655,0
13656,0
13657,0
13658,0
13659,1
13660,1
13661,1
13662,1
13663,0
13664,1
13665,1
13666,0
13667,1
13668,0
13669,1
13670,1
13671,0
13672,0
13673,1
13674,0
13675,1
13676,1
13677,0
13678,0
13679,0
13680,1
13681,0
13682,0
13683,1
13684,1
13685,0
13686,1
13687,0
13688,0
13689,0
13690,1
13691,1
13692,0
13693,1
13694,0
13695,0
13696,1
13697,1
13698,0
13699,0
13700,0
13701,0
13702,0
13703,0
13704,0
13705,0
13706,0
13707,0
13708,0
13709,1
13710,0
13711,0
13712,0
13713,1
13714,0
13715,0
13716,1
13717,0
13718,0
13719,1
13720,0
13721,0
13722,1
13723,1
13724,0
13725,0
13726,0
13727,0
13728,1
13729,0
13730,0
13731,0
13732,1
13733,1
13734,1
13735,1
13736,0
13737,0
13738,1
13739,1
13740,0
13741,1
13742,1
13743,0
13744,0
13745,1
13746,0
13747,0
13748,0
13749,1
13750,1
13751,1
13752,1
13753,1
13754,0
13755,1
13756,1
13757,0
13758,0
13759,0
13760,1
13761,0
13762,0
13763,1
13764,0
13765,1
13766,0
13767,0
13768,0
13769,0
13770,0
13771,0
13772,0
13773,0
13774,1
13775,0
13776,1
13777,0
13778,1
13779,1
13780,0
13781,0
13782,1
13783,0
13784,1
13785,0
13786,0
13787,1
13788,1
13789,0
13790,0
13791,0
13792,1
13793,0
13794,0
13795,0
13796,0
13797,1
13798,0
13799,0
13800,0
13801,0
13802,0
13803,0
13804,0
13805,0
13806,0
13807,1
13808,0
13809,0
13810,0
13811,0
13812,0
13813,0
13814,0
13815,0
13816,0
13817,1
13818,0
13819,0
13820,1
13821,1
13822,0
13823,1
13824,1
13825,1
13826,0
13827,0
13828,0
13829,0
13830,0
13831,0
13832,1
13833,0
13834,1
13835,0
13836,1
13837,0
13838,0
13839,1
13840,1
13841,1
13842,1
13843,0
13844,0
13845,1
13846,0
13847,0
13848,0
13849,1
13850,1
13851,1
13852,0
13853,0
13854,0
13855,1
13856,1
13857,1
13858,0
13859,0
13860,1
13861,0
13862,1
13863,0
13864,0
13865,1
13866,0
13867,0
13868,0
13869,0
13870,1
13871,1
13872,1
13873,0
13874,1
13875,1
13876,1
13877,0
13878,0
13879,1
13880,0
13881,0
13882,0
13883,0
13884,1
13885,0
13886,1
13887,0
13888,0
13889,1
13890,0
13891,1
13892,0
13893,0
13894,0
13895,0
13896,0
13897,0
13898,0
13899,0
13900,0
13901,0
13902,0
13903,0
13904,0
13905,1
13906,0
13907,1
13908,0
13909,0
13910,0
13911,0
13912,0
13913,1
13914,0
13915,1
13916,0
13917,0
13918,0
13919,0
13920,0
13921,1
13922,1
13923,0
13924,0
13925,0
13926,0
13927,0
13928,0
13929,0
13930,0
13931,1
13932,1
13933,1
13934,1
13935,1
13936,0
13937,0
13938,0
13939,0
13940,0
13941,1
13942,0
13943,0
13944,1
13945,1
13946,0
13947,0
13948,0
13949,1
13950,0
13951,0
13952,0
13953,0
13954,0
13955,0
13956,0
13957,0
13958,0
13959,0
13960,0
13961,0
13962,0
13963,1
13964,0
13965,1
13966,0
13967,0
13968,1
13969,1
13970,0
13971,1
13972,1
13973,0
13974,0
13975,1
13976,0
13977,0
13978,0
13979,1
13980,0
13981,0
13982,0
13983,0
13984,1
13985,1
13986,0
13987,1
13988,0
13989,0
13990,0
13991,0
13992,0
13993,0
13994,0
13995,0
13996,0
13997,0
13998,1
13999,1
14000,0
14001,0
14002,1
14003,0
14004,0
14005,0
14006,0
14007,1
14008,1
14009,0
14010,0
14011,1
14012,1
14013,0
14014,0
14015,0
14016,0
14017,0
14018,0
14019,1
14020,1
14021,1
14022,0
14023,0
14024,1
14025,0
14026,1
14027,0
14028,1
14029,1
14030,1
14031,0
14032,0
14033,0
14034,0
14035,0
14036,0
14037,0
14038,0
14039,1
14040,0
14041,0
14042,0
14043,0
14044,0
14045,0
14046,1
14047,0
14048,1
14049,1
14050,1
14051,1
14052,0
14053,0
14054,0
14055,0
14056,0
14057,0
14058,0
14059,1
14060,0
14061,0
14062,0
14063,0
14064,1
14065,1
14066,0
14067,1
14068,0
14069,1
14070,1
14071,0
14072,1
14073,0
14074,0
14075,1
14076,1
14077,1
14078,0
14079,0
14080,0
14081,0
14082,1
14083,1
14084,0
14085,0
14086,1
14087,0
14088,1
14089,1
14090,0
14091,0
14092,1
14093,0
14094,1
14095,1
14096,0
14097,0
14098,0
14099,1
14100,1
14101,1
14102,0
14103,1
14104,0
14105,1
14106,0
14107,0
14108,1
14109,0
14110,1
14111,1
14112,0
14113,0
14114,0
14115,0
14116,0
14117,1
14118,0
14119,1
14120,1
14121,0
14122,0
14123,1
14124,1
14125,0
14126,0
14127,0
14128,1
14129,0
14130,0
14131,0
14132,0
14133,0
14134,0
14135,0
14136,0
14137,1
14138,0
14139,0
14140,0
14141,1
14142,0
14143,1
14144,0
14145,0
14146,0
14147,0
14148,0
14149,0
14150,0
14151,0
14152,1
14153,1
14154,0
14155,1
14156,0
14157,1
14158,0
14159,0
14160,0
14161,0
14162,0
14163,0
14164,1
14165,1
14166,0
14167,0
14168,0
14169,0
14170,1
14171,0
14172,0
14173,0
14174,0
14175,0
14176,1
14177,0
14178,0
14179,0
14180,1
14181,0
14182,1
14183,1
14184,0
14185,0
14186,0
14187,0
14188,0
14189,0
14190,0
14191,1
14192,0
14193,1
14194,1
14195,0
14196,0
14197,0
14198,0
14199,0
14200,0
14201,1
14202,0
14203,1
14204,0
14205,0
14206,0
14207,0
14208,0
14209,1
14210,1
14211,0
14212,1
14213,0
14214,0
14215,1
14216,1
14217,0
14218,1
14219,1
14220,1
14221,0
14222,0
14223,0
14224,1
14225,0
14226,1
14227,0
14228,1
14229,0
14230,1
14231,0
14232,1
14233,1
14234,0
14235,1
14236,0
14237,1
14238,0
14239,0
14240,1
14241,0
14242,1
14243,1
14244,1
14245,1
14246,1
14247,0
14248,0
14249,1
14250,0
14251,1
14252,1
14253,0
14254,0
14255,1
14256,0
14257,1
14258,1
14259,1
14260,1
14261,1
14262,1
14263,0
14264,0
14265,0
14266,0
14267,0
14268,0
14269,1
14270,0
14271,1
14272,0
14273,1
14274,0
14275,0
14276,0
14277,0
14278,0
14279,0
14280,0
14281,1
14282,0
14283,1
14284,1
14285,0
14286,1
14287,0
14288,1
14289,0
14290,0
14291,1
14292,1
14293,0
14294,1
14295,0
14296,0
14297,1
14298,0
14299,1
14300,1
14301,1
14302,1
14303,0
14304,0
14305,1
14306,0
14307,1
14308,0
14309,1
14310,1
14311,1
14312,0
14313,0
14314,0
14315,0
14316,0
14317,1
14318,0
14319,1
14320,1
14321,0
14322,0
14323,0
14324,1
14325,0
14326,1
14327,0
14328,0
14329,0
14330,1
14331,0
14332,1
14333,0
14334,1
14335,0
14336,0
14337,0
14338,1
14339,0
14340,1
14341,0
14342,0
14343,0
14344,0
14345,0
14346,0
14347,0
14348,0
14349,1
14350,0
14351,1
14352,1
14353,1
14354,0
14355,1
14356,0
14357,1
14358,1
14359,1
14360,0
14361,0
14362,1
14363,0
14364,0
14365,0
14366,0
14367,1
14368,0
14369,1
14370,0
14371,0
14372,0
14373,1
14374,0
14375,1
14376,0
14377,0
14378,1
14379,0
14380,0
14381,0
14382,0
14383,1
14384,0
14385,1
14386,1
14387,0
14388,0
14389,0
14390,0
14391,1
14392,0
14393,1
14394,0
14395,0
14396,1
14397,1
14398,1
14399,1
14400,1
14401,0
14402,1
14403,0
14404,0
14405,1
14406,0
14407,1
14408,0
14409,0
14410,0
14411,0
14412,1
14413,0
14414,1
14415,1
14416,0
14417,0
14418,1
14419,1
14420,1
14421,0
14422,0
14423,1
14424,1
14425,0
14426,0
14427,0
14428,0
14429,1
14430,0
14431,1
14432,1
14433,0
14434,0
14435,0
14436,1
14437,0
14438,1
14439,1
14440,0
14441,1
14442,0
14443,0
14444,1
14445,1
14446,0
14447,1
14448,0
14449,1
14450,0
14451,0
14452,0
14453,1
14454,0
14455,0
14456,1
14457,1
14458,0
14459,0
14460,0
14461,1
14462,0
14463,0
14464,0
14465,0
14466,1
14467,0
14468,0
14469,0
14470,0
14471,0
14472,0
14473,0
14474,1
14475,1
14476,1
14477,1
14478,0
14479,0
14480,1
14481,0
14482,0
14483,0
14484,0
14485,1
14486,0
14487,0
14488,1
14489,1
14490,0
14491,1
14492,1
14493,0
14494,0
14495,0
14496,0
14497,1
14498,0
14499,0
14500,0
14501,0
14502,1
14503,1
14504,0
14505,0
14506,1
14507,0
14508,1
14509,1
14510,1
14511,0
14512,0
14513,1
14514,0
14515,0
14516,0
14517,1
14518,1
14519,0
14520,0
14521,0
14522,0
14523,1
14524,0
14525,0
14526,0
14527,1
14528,0
14529,0
14530,1
14531,1
14532,0
14533,0
14534,0
14535,0
14536,1
14537,0
14538,1
14539,1
14540,0
14541,1
14542,0
14543,0
14544,0
14545,0
14546,0
14547,1
14548,0
14549,1
14550,0
14551,0
14552,1
14553,0
14554,0
14555,1
14556,0
14557,1
14558,0
14559,1
14560,1
14561,0
14562,0
14563,1
14564,1
14565,1
14566,0
14567,1
14568,1
14569,1
14570,0
14571,0
14572,1
14573,0
14574,1
14575,0
14576,1
14577,0
14578,0
14579,0
14580,0
14581,0
14582,0
14583,1
14584,0
14585,1
14586,1
14587,0
14588,0
14589,0
14590,1
14591,0
14592,0
14593,0
14594,1
14595,1
14596,1
14597,0
14598,1
14599,0
14600,1
14601,0
14602,0
14603,1
14604,0
14605,1
14606,0
14607,0
14608,0
14609,0
14610,0
14611,0
14612,1
14613,0
14614,0
14615,1
14616,1
14617,0
14618,1
14619,1
14620,0
14621,1
14622,1
14623,1
14624,1
14625,0
14626,1
14627,0
14628,1
14629,0
14630,1
14631,1
14632,1
14633,0
14634,1
14635,0
14636,0
14637,0
14638,1
14639,0
14640,0
14641,0
14642,1
14643,1
14644,0
14645,1
14646,0
14647,1
14648,1
14649,0
14650,1
14651,0
14652,0
14653,0
14654,0
14655,1
14656,0
14657,0
14658,0
14659,0
14660,0
14661,0
14662,0
14663,0
14664,1
14665,0
14666,0
14667,1
14668,1
14669,1
14670,0
14671,1
14672,1
14673,0
14674,1
14675,0
14676,0
14677,0
14678,0
14679,0
14680,0
14681,1
14682,1
14683,0
14684,1
14685,1
14686,1
14687,1
14688,1
14689,0
14690,0
14691,0
14692,0
14693,0
14694,0
14695,1
14696,0
14697,0
14698,1
14699,1
14700,1
14701,0
14702,1
14703,0
14704,0
14705,1
14706,0
14707,1
14708,1
14709,0
14710,0
14711,0
14712,1
14713,1
14714,1
14715,0
14716,0
14717,1
14718,0
14719,1
14720,0
14721,0
14722,0
14723,1
14724,0
14725,0
14726,0
14727,0
14728,1
14729,1
14730,0
14731,1
14732,1
14733,0
14734,1
14735,0
14736,0
14737,0
14738,0
14739,1
14740,0
14741,0
14742,0
14743,1
14744,0
14745,1
14746,0
14747,1
14748,1
14749,0
14750,0
14751,1
14752,0
14753,0
14754,1
14755,0
14756,0
14757,1
14758,0
14759,1
14760,1
14761,1
14762,0
14763,0
14764,1
14765,0
14766,1
14767,0
14768,1
14769,0
14770,1
14771,0
14772,1
14773,1
14774,0
14775,0
14776,0
14777,0
14778,0
14779,1
14780,0
14781,1
14782,0
14783,1
14784,0
14785,0
14786,0
14787,1
14788,0
14789,0
14790,1
14791,1
14792,1
14793,0
14794,1
14795,0
14796,0
14797,0
14798,1
14799,0
14800,0
14801,0
14802,1
14803,1
14804,1
14805,0
14806,0
14807,0
14808,0
14809,0
14810,1
14811,1
14812,0
14813,1
14814,0
14815,0
14816,0
14817,1
14818,0
14819,0
14820,0
14821,0
14822,1
14823,1
14824,0
14825,0
14826,0
14827,0
14828,0
14829,0
14830,0
14831,1
14832,1
14833,1
14834,0
14835,1
14836,0
14837,1
14838,0
14839,1
14840,0
14841,0
14842,1
14843,1
14844,1
14845,0
14846,0
14847,0
14848,1
14849,0
14850,0
14851,0
14852,0
14853,1
14854,1
14855,0
14856,1
14857,0
14858,0
14859,0
14860,0
14861,1
14862,0
14863,0
14864,0
14865,0
14866,0
14867,0
14868,0
14869,0
14870,1
14871,1
14872,1
14873,0
14874,1
14875,0
14876,1
14877,1
14878,0
14879,0
14880,0
14881,1
14882,1
14883,0
14884,0
14885,1
14886,0
14887,0
14888,1
14889,1
14890,0
14891,1
14892,1
14893,1
14894,0
14895,0
14896,0
14897,1
14898,0
14899,0
14900,0
14901,0
14902,1
14903,0
14904,1
14905,0
14906,0
14907,1
14908,1
14909,0
14910,0
14911,0
14912,0
14913,0
14914,0
14915,0
14916,1
14917,1
14918,0
14919,0
14920,1
14921,1
14922,0
14923,0
14924,1
14925,0
14926,0
14927,1
14928,0
14929,0
14930,0
14931,1
14932,0
14933,1
14934,1
14935,0
14936,1
14937,1
14938,1
14939,0
14940,1
14941,0
14942,0
14943,1
14944,1
14945,1
14946,0
14947,0
14948,0
14949,0
14950,1
14951,0
14952,0
14953,1
14954,0
14955,0
14956,0
14957,0
14958,1
14959,0
14960,0
14961,0
14962,0
14963,1
14964,0
14965,1
14966,1
14967,0
14968,0
14969,0
14970,0
14971,0
14972,1
14973,1
14974,0
14975,0
14976,1
14977,0
14978,0
14979,0
14980,1
14981,0
14982,0
14983,0
14984,0
14985,0
14986,1
14987,0
14988,0
14989,0
14990,1
14991,0
14992,1
14993,1
14994,1
14995,0
14996,0
14997,0
14998,0
14999,0
15000,0
15001,0
15002,0
15003,0
15004,1
15005,1
15006,0
15007,1
15008,0
15009,0
15010,0
15011,0
15012,0
15013,0
15014,1
15015,0
15016,0
15017,0
15018,1
15019,1
15020,1
15021,1
15022,1
15023,1
15024,0
15025,0
15026,0
15027,1
15028,0
15029,1
15030,1
15031,1
15032,0
15033,0
15034,0
15035,0
15036,1
15037,0
15038,1
15039,0
15040,1
15041,0
15042,1
15043,0
15044,0
15045,0
15046,0
15047,1
15048,0
15049,0
15050,0
15051,1
15052,0
15053,1
15054,1
15055,1
15056,0
15057,0
15058,0
15059,0
15060,0
15061,0
15062,0
15063,0
15064,0
15065,0
15066,0
15067,1
15068,0
15069,0
15070,0
15071,0
15072,1
15073,0
15074,0
15075,0
15076,0
15077,1
15078,1
15079,0
15080,0
15081,0
15082,0
15083,1
15084,0
15085,1
15086,1
15087,0
15088,1
15089,0
15090,0
15091,0
15092,1
15093,0
15094,0
15095,1
15096,0
15097,0
15098,0
15099,1
15100,1
15101,0
15102,0
15103,1
15104,1
15105,0
15106,0
15107,1
15108,0
15109,1
15110,1
15111,0
15112,1
15113,0
15114,0
15115,1
15116,0
15117,1
15118,0
15119,0
15120,0
15121,1
15122,1
15123,0
15124,0
15125,0
15126,1
15127,0
15128,1
15129,0
15130,0
15131,0
15132,0
15133,0
15134,0
15135,0
15136,0
15137,0
15138,0
15139,0
15140,0
15141,0
15142,0
15143,0
15144,0
15145,0
15146,1
15147,0
15148,0
15149,0
15150,0
15151,0
15152,0
15153,1
15154,0
15155,0
15156,0
15157,0
15158,0
15159,0
15160,1
15161,1
15162,0
15163,0
15164,1
15165,1
15166,0
15167,0
15168,0
15169,1
15170,0
15171,1
15172,0
15173,1
15174,1
15175,0
15176,1
15177,1
15178,0
15179,0
15180,1
15181,1
15182,0
15183,0
15184,1
15185,1
15186,1
15187,1
15188,0
15189,1
15190,1
15191,1
15192,0
15193,0
15194,0
15195,1
15196,0
15197,0
15198,0
15199,0
15200,0
15201,1
15202,1
15203,0
15204,0
15205,0
15206,0
15207,1
15208,1
15209,0
15210,0
15211,0
15212,0
15213,0
15214,0
15215,0
15216,0
15217,0
15218,0
15219,0
15220,0
15221,0
15222,1
15223,1
15224,0
15225,0
15226,0
15227,0
15228,0
15229,0
15230,0
15231,1
15232,0
15233,1
15234,0
15235,0
15236,0
15237,0
15238,0
15239,0
15240,0
15241,0
15242,0
15243,1
15244,0
15245,0
15246,0
15247,0
15248,0
15249,1
15250,1
15251,1
15252,0
15253,0
15254,0
15255,1
15256,0
15257,0
15258,0
15259,1
15260,1
15261,0
15262,1
15263,1
15264,1
15265,1
15266,0
15267,0
15268,0
15269,0
15270,0
15271,1
15272,1
15273,0
15274,1
15275,1
15276,0
15277,0
15278,1
15279,1
15280,0
15281,0
15282,1
15283,0
15284,0
15285,1
15286,1
15287,0
15288,1
15289,0
15290,1
15291,1
15292,0
15293,0
15294,0
15295,1
15296,0
15297,0
15298,0
15299,0
15300,1
15301,1
15302,0
15303,1
15304,0
15305,0
15306,0
15307,1
15308,1
15309,1
15310,1
15311,0
15312,1
15313,0
15314,0
15315,0
15316,0
15317,1
15318,1
15319,1
15320,1
15321,1
15322,0
15323,1
15324,1
15325,1
15326,0
15327,0
15328,0
15329,1
15330,0
15331,0
15332,1
15333,1
15334,0
15335,0
15336,0
15337,0
15338,0
15339,1
15340,0
15341,1
15342,1
15343,1
15344,0
15345,0
15346,0
15347,0
15348,1
15349,0
15350,1
15351,0
15352,0
15353,1
15354,0
15355,0
15356,0
15357,1
15358,0
15359,0
15360,1
15361,1
15362,0
15363,1
15364,0
15365,1
15366,0
15367,0
15368,0
15369,1
15370,0
15371,0
15372,0
15373,0
15374,1
15375,1
15376,0
15377,1
15378,1
15379,1
15380,0
15381,0
15382,0
15383,1
15384,1
15385,1
15386,1
15387,0
15388,0
15389,1
15390,0
15391,0
15392,1
15393,0
15394,1
15395,1
15396,0
15397,0
15398,0
15399,0
15400,1
15401,1
15402,1
15403,0
15404,0
15405,0
15406,1
15407,0
15408,1
15409,1
15410,0
15411,1
15412,0
15413,1
15414,1
15415,0
15416,0
15417,0
15418,0
15419,1
15420,1
15421,1
15422,0
15423,0
15424,0
15425,0
15426,1
15427,1
15428,0
15429,0
15430,0
15431,1
15432,1
15433,1
15434,1
15435,1
15436,1
15437,0
15438,0
15439,1
15440,1
15441,0
15442,0
15443,0
15444,0
15445,0
15446,1
15447,0
15448,0
15449,1
15450,0
15451,0
15452,1
15453,1
15454,1
15455,1
15456,0
15457,0
15458,0
15459,1
15460,0
15461,0
15462,0
15463,1
15464,0
15465,1
15466,0
15467,0
15468,1
15469,1
15470,0
15471,0
15472,0
15473,0
15474,0
15475,0
15476,0
15477,0
15478,0
15479,1
15480,1
15481,0
15482,1
15483,0
15484,0
15485,0
15486,0
15487,1
15488,0
15489,1
15490,0
15491,0
15492,1
15493,0
15494,1
15495,0
15496,1
15497,0
15498,0
15499,1
15500,0
15501,0
15502,1
15503,1
15504,0
15505,0
15506,0
15507,1
15508,0
15509,1
15510,0
15511,1
15512,0
15513,0
15514,0
15515,0
15516,1
15517,0
15518,1
15519,1
15520,1
15521,1
15522,0
15523,1
15524,1
15525,1
15526,0
15527,1
15528,0
15529,1
15530,0
15531,1
15532,0
15533,1
15534,0
15535,1
15536,0
15537,0
15538,0
15539,0
15540,1
15541,0
15542,0
15543,0
15544,0
15545,0
15546,0
15547,0
15548,1
15549,1
15550,1
15551,0
15552,1
15553,0
15554,0
15555,1
15556,0
15557,1
15558,0
15559,0
15560,0
15561,0
15562,1
15563,1
15564,0
15565,1
15566,0
15567,1
15568,0
15569,1
15570,1
15571,0
15572,0
15573,1
15574,1
15575,0
15576,0
15577,0
15578,1
15579,0
15580,0
15581,1
15582,1
15583,1
15584,1
15585,0
15586,1
15587,1
15588,1
15589,0
15590,0
15591,0
15592,0
15593,0
15594,1
15595,0
15596,0
15597,1
15598,0
15599,0
15600,1
15601,1
15602,1
15603,0
15604,0
15605,0
15606,1
15607,0
15608,1
15609,0
15610,1
15611,0
15612,0
15613,0
15614,1
15615,0
15616,1
15617,1
15618,0
15619,0
15620,1
15621,0
15622,0
15623,1
15624,1
15625,0
15626,0
15627,0
15628,0
15629,1
15630,0
15631,0
15632,0
15633,1
15634,0
15635,0
15636,0
15637,0
15638,0
15639,0
15640,0
15641,0
15642,0
15643,1
15644,0
15645,0
15646,1
15647,1
15648,0
15649,0
15650,1
15651,0
15652,0
15653,1
15654,1
15655,0
15656,0
15657,0
15658,0
15659,0
15660,0
15661,0
15662,0
15663,0
15664,1
15665,1
15666,0
15667,1
15668,0
15669,1
15670,0
15671,0
15672,0
15673,0
15674,1
15675,0
15676,0
15677,1
15678,1
15679,0
15680,0
15681,0
15682,0
15683,1
15684,0
15685,1
15686,1
15687,1
15688,0
15689,0
15690,0
15691,1
15692,1
15693,0
15694,0
15695,1
15696,0
15697,1
15698,0
15699,0
15700,1
15701,1
15702,0
15703,0
15704,0
15705,0
15706,0
15707,0
15708,1
15709,0
15710,0
15711,0
15712,1
15713,0
15714,0
15715,1
15716,0
15717,1
15718,1
15719,1
15720,1
15721,1
15722,0
15723,1
15724,0
15725,1
15726,0
15727,0
15728,1
15729,1
15730,1
15731,0
15732,0
15733,0
15734,1
15735,0
